{
    "causal_easy": {
        "results": [
            {
                "event": "The car engine seizes and smoke pours out of the hood.",
                "score": 0.9992960691452026,
                "features": {
                    "S": 0.7372995087186847,
                    "E": 0.7691192530901967,
                    "T": 0.993072708374196,
                    "I": 0.9
                },
                "label": "TRUE_LINK"
            },
            {
                "event": "Noticed a nice sunset in the rearview mirror.",
                "score": 0.0018584632780402899,
                "features": {
                    "S": 0.7560768838808861,
                    "E": 0.7725993151395434,
                    "T": 0.9950372106070688,
                    "I": 0.3
                },
                "label": "RANDOM"
            },
            {
                "event": "Finished a podcast episode about the Roman Empire.",
                "score": 0.00024482127628289163,
                "features": {
                    "S": 0.7766628431805367,
                    "E": 0.7457865400290763,
                    "T": 0.9920948201648567,
                    "I": 0.2
                },
                "label": "RANDOM"
            }
        ]
    },
    "affective_easy": {
        "results": [
            {
                "event": "Received a formal rejection letter from a residency program.",
                "score": 0.9993853569030762,
                "features": {
                    "S": 0.7455093207670844,
                    "E": 0.7446242696538048,
                    "T": 0.22553064631951622,
                    "I": 0.9
                },
                "label": "TRUE_LINK"
            },
            {
                "event": "Ordered a latte at a quiet cafe.",
                "score": 1.575958049215842e-05,
                "features": {
                    "S": 0.7495885505948334,
                    "E": 0.7446457823161656,
                    "T": 0.22392725897047894,
                    "I": 0.1
                },
                "label": "RANDOM"
            }
        ]
    },
    "causal_hard": {
        "results": [
            {
                "event": "A wine glass shatters on the kitchen tile, requiring immediate cleanup.",
                "score": 0.9950136542320251,
                "features": {
                    "S": 0.731785516442029,
                    "E": 0.7398636082834902,
                    "T": 0.9901477027639939,
                    "I": 0.8
                },
                "label": "DISTRACTOR_IMMEDIATE"
            },
            {
                "event": "Received a handwritten note praising the dinner's specific flavors.",
                "score": 0.743116021156311,
                "features": {
                    "S": 0.753336043010697,
                    "E": 0.7289496105662548,
                    "T": 0.41905978419640516,
                    "I": 0.75
                },
                "label": "TRUE_LINK_DELAYED"
            }
        ]
    },
    "affective_hard": {
        "results": [
            {
                "event": "Standing on a busy street corner in Tokyo, realizing I don't know the way back to the hotel.",
                "score": 0.9933144450187683,
                "features": {
                    "S": 0.7399147279867551,
                    "E": 0.7342412629520378,
                    "T": 0.10148360634734535,
                    "I": 0.85
                },
                "label": "TRUE_AFFECTIVE_LINK"
            },
            {
                "event": "Browsing for running shoes in a modern suburban shopping mall.",
                "score": 3.431800359976478e-05,
                "features": {
                    "S": 0.747149980479939,
                    "E": 0.732875390323018,
                    "T": 0.10148345924216214,
                    "I": 0.2
                },
                "label": "SEMANTIC_TRAP"
            }
        ]
    }
}