{
    "config": {
        "data_csv": "v1/data/edge_classification_dataset.csv",
        "val_split": 0.2,
        "num_epochs": 100,
        "learning_rate": 0.001,
        "early_stopping_patience": 10,
        "mode": "single_stage",
        "use_pos_weight": true,
        "stage1_epochs": 60,
        "stage2_epochs": 40,
        "output_model_path": "v1/artifacts/pretrained/als.pt",
        "batch_size": 128,
        "feature_fields": [
            "Semantic_Similarity",
            "Emotional_Alignment",
            "Time_Closeness"
        ],
        "label_field": "Linked",
        "random_seed": 42
    },
    "metrics": {
        "stage1_train_loss": [
            0.7210856815627957,
            0.7178823961369556,
            0.7147019425946339,
            0.7119384361488373,
            0.7091153650802753,
            0.7067199537886242,
            0.7043716892814245,
            0.702478354226882,
            0.7007430854274507,
            0.6992345653030662,
            0.6978442146303228,
            0.6966197433168149,
            0.695538944654641,
            0.6946120489794126,
            0.6937680802550894,
            0.6929909690939181,
            0.6923483503672622,
            0.6917571686131754,
            0.6912965871225393,
            0.6908221653599513,
            0.6904741201312635,
            0.6901402668052141,
            0.6898305219056915,
            0.6896261090615446,
            0.6894173590309566,
            0.6892588388258917,
            0.6891445145469917,
            0.6890279328798611,
            0.6889511170573304,
            0.6888580795920605,
            0.6887907657535169,
            0.6887634419807418,
            0.6887180621619097,
            0.6886940394094103,
            0.6887023970331744,
            0.6886680347718742,
            0.6886555974733168,
            0.6886568320360517,
            0.6886451700874423
        ],
        "stage1_val_loss": [
            0.7145552259904367,
            0.7116295876816957,
            0.7090724454004578,
            0.7065457640361393,
            0.7043406308433156,
            0.7021527994316792,
            0.7003485813062378,
            0.6987701536696634,
            0.6974083955395859,
            0.6961808165405022,
            0.6951173529212857,
            0.6941605965787001,
            0.6934257287056849,
            0.6926797797650467,
            0.6920675085895837,
            0.6915062791035499,
            0.6910321212109224,
            0.6907059763684685,
            0.6903549795778691,
            0.6901541244345928,
            0.6898837280862126,
            0.6896948210987044,
            0.6895664052217586,
            0.6894726564364179,
            0.6894036232198707,
            0.6893577624740914,
            0.6893148321673703,
            0.6893026581026399,
            0.689295627452709,
            0.6892974612153606,
            0.6893090831399454,
            0.6893260913130678,
            0.6893627153011997,
            0.6893716712056854,
            0.6893963872650524,
            0.6894148732899639,
            0.6894228566330647,
            0.6894472327251984,
            0.6894457843078017
        ],
        "stage2_train_loss": [
            0.6886754247686946,
            0.6886414169530849,
            0.6886393763201437,
            0.6886436541467232,
            0.688632696438619,
            0.6886287099037327,
            0.6886363146975789,
            0.6886263563158086,
            0.688627378284564,
            0.68864329113363,
            0.6886311631183115
        ],
        "stage2_val_loss": [
            0.6894349924330849,
            0.6894511761979311,
            0.6894660270753711,
            0.689485272262322,
            0.6894851439774282,
            0.6895012131934304,
            0.6895283556278841,
            0.6895258365344609,
            0.6895145867096544,
            0.689528286947635,
            0.6895099525098447
        ],
        "pos_weight": 0.9918200408997955,
        "final_weights": {
            "Semantic_Weight": 0.385298490524292,
            "Emotional_Weight": 0.10839041322469711,
            "Temporal_Weight": 0.5318351984024048,
            "Bias": -0.4223538339138031
        }
    }
}