{
    "config": {
        "data_csv": "v1/data/edge_classification_dataset.csv",
        "val_split": 0.2,
        "num_epochs": 100,
        "learning_rate": 0.001,
        "early_stopping_patience": 10,
        "mode": "single_stage",
        "stage1_epochs": 60,
        "stage2_epochs": 40,
        "output_model_path": "v1/artifacts/pretrained/als.pt",
        "batch_size": 128,
        "feature_fields": [
            "Semantic_Similarity",
            "Emotional_Alignment",
            "Time_Closeness"
        ],
        "label_field": "Linked",
        "random_seed": 42
    },
    "metrics": {
        "stage1_train_loss": [
            0.676021488857204,
            0.6719325309296007,
            0.6685273209200947,
            0.6651904249754478,
            0.6624273602907808,
            0.6598651791345335,
            0.6575781752376759,
            0.6556465023798879,
            0.6538250597116678,
            0.6523802285119304,
            0.6510702205496021,
            0.6498739702862364,
            0.6489858857290013,
            0.6481647677757854,
            0.6474645834636786,
            0.6469357019620006,
            0.6464383929243482,
            0.6460809621530132,
            0.645763754171282,
            0.6455122131225549,
            0.6453083692573187,
            0.6451440776345339,
            0.6450017457218947,
            0.6449090650497091
        ],
        "stage1_val_loss": [
            0.6300183598309347,
            0.6276790716876722,
            0.6255194379858775,
            0.6238633871078492,
            0.6223602276958832,
            0.6211338023616843,
            0.6201401664786143,
            0.6192921289025921,
            0.6187118714802886,
            0.6182194971058467,
            0.6178855866602022,
            0.6176966595323119,
            0.6175825917557495,
            0.6175650430052247,
            0.6176091904509557,
            0.6177141612523223,
            0.6178374293732316,
            0.6180003197225806,
            0.6181802444262048,
            0.6183724024524427,
            0.6185402292094818,
            0.6187329471927799,
            0.618889817636307,
            0.6191261541353513
        ],
        "stage2_train_loss": [
            0.6448125795769553,
            0.6447421177247337,
            0.6446906804671152,
            0.6446336010105599,
            0.6445886973280157,
            0.6445631978447329,
            0.6445361335609759,
            0.6445402864396103,
            0.6444960198595033,
            0.6444813095719306,
            0.6445028150746855
        ],
        "stage2_val_loss": [
            0.6192098751460036,
            0.619333167108771,
            0.6194861178528772,
            0.6196046569576003,
            0.619670120330706,
            0.6197862889668713,
            0.6198409209512684,
            0.6200032854733402,
            0.6200131573089182,
            0.6200927130163533,
            0.6202151229936783
        ],
        "final_weights": {
            "Semantic_Weight": -0.1513766348361969,
            "Emotional_Weight": -0.3475685119628906,
            "Temporal_Weight": 0.5661163330078125,
            "Bias": -0.2948770821094513
        }
    }
}